<map>
    <PointInfo>
        <id>1</id>
        <xpos>100.0</xpos>
        <ypos>200.0</ypos>
        <NeighbInfo>
            <id>2</id>
            <distance>1.5</distance>
        </NeighbInfo>
        <NeighbInfo>
            <id>3</id>
            <distance>1.0</distance>
        </NeighbInfo>
    </PointInfo>
    
    <PointInfo>
        <id>2</id>
        <xpos>150.0</xpos>
        <ypos>200.0</ypos>
        <NeighbInfo>
            <id>1</id>
            <distance>1.5</distance>
        </NeighbInfo>
        <NeighbInfo>
            <id>3</id>
            <distance>1.2</distance>
        </NeighbInfo>
        <NeighbInfo>
            <id>4</id>
            <distance>1.5</distance>
        </NeighbInfo>
    </PointInfo>

    <PointInfo>
        <id>3</id>
        <xpos>200.0</xpos>
        <ypos>200.0</ypos>
        <NeighbInfo>
            <id>1</id>
            <distance>1.0</distance>
        </NeighbInfo>
        <NeighbInfo>
            <id>2</id>
            <distance>1.2</distance>
        </NeighbInfo>
        <NeighbInfo>
            <id>5</id>
            <distance>1.4</distance>
        </NeighbInfo>
    </PointInfo>
    
    <PointInfo>
        <id>4</id>
        <xpos>150.0</xpos>
        <ypos>250.0</ypos>
        <NeighbInfo>
            <id>2</id>
            <distance>1.5</distance>
        </NeighbInfo>
        <NeighbInfo>
            <id>5</id>
            <distance>1.2</distance>
        </NeighbInfo>
        <NeighbInfo>
            <id>6</id>
            <distance>1.3</distance>
        </NeighbInfo>
    </PointInfo>
    
    <PointInfo>
        <id>5</id>
        <xpos>200.0</xpos>
        <ypos>250.0</ypos>
        <NeighbInfo>
            <id>3</id>
            <distance>1.4</distance>
        </NeighbInfo>
        <NeighbInfo>
            <id>4</id>
            <distance>1.2</distance>
        </NeighbInfo>
        <NeighbInfo>
            <id>7</id>
            <distance>1.6</distance>
        </NeighbInfo>
    </PointInfo>
    
    <PointInfo>
        <id>6</id>
        <xpos>100.0</xpos>
        <ypos>300.0</ypos>
        <NeighbInfo>
            <id>4</id>
            <distance>1.3</distance>
        </NeighbInfo>
        <NeighbInfo>
            <id>8</id>
            <distance>1.7</distance>
        </NeighbInfo>
    </PointInfo>
    
    <PointInfo>
        <id>7</id>
        <xpos>200.0</xpos>
        <ypos>300.0</ypos>
        <NeighbInfo>
            <id>5</id>
            <distance>1.6</distance>
        </NeighbInfo>
        <NeighbInfo>
            <id>8</id>
            <distance>1.4</distance>
        </NeighbInfo>
    </PointInfo>
    
    <PointInfo>
        <id>8</id>
        <xpos>150.0</xpos>
        <ypos>350.0</ypos>
        <NeighbInfo>
            <id>6</id>
            <distance>1.7</distance>
        </NeighbInfo>
        <NeighbInfo>
            <id>7</id>
            <distance>1.4</distance>
        </NeighbInfo>
        <NeighbInfo>
            <id>9</id>
            <distance>1.5</distance>
        </NeighbInfo>
    </PointInfo>
    
    <PointInfo>
        <id>9</id>
        <xpos>100.0</xpos>
        <ypos>400.0</ypos>
        <NeighbInfo>
            <id>8</id>
            <distance>1.5</distance>
        </NeighbInfo>
        <NeighbInfo>
            <id>10</id>
            <distance>1.8</distance>
        </NeighbInfo>
    </PointInfo>
    
    <PointInfo>
        <id>10</id>
        <xpos>150.0</xpos>
        <ypos>400.0</ypos>
        <NeighbInfo>
            <id>9</id>
            <distance>1.8</distance>
        </NeighbInfo>
    </PointInfo>
</map>
