<?xml version='1.0' encoding='utf-8'?>
<MapCfg>
<MapID>A9A5B2492FE4C55D_611</MapID>
<MapName>try</MapName>
<MapQRCode>DD</MapQRCode>
<MapType>2</MapType>
<Row>31</Row>
<Col>144</Col>
<PointInfo>
<id>0</id>
<xpos>7.867</xpos>
<ypos>55.208</ypos>
<value isChargeable="0">1</value>
<RoadProperty>0</RoadProperty>
<Rot>0</Rot>
<alldirRot>0</alldirRot>
<allDir>9</allDir>
<EleDir>999</EleDir>
<ElePre>0</ElePre>
<RotRad>0</RotRad>
<robottype>$-1</robottype>
<RotUnderPod>0</RotUnderPod>
<rotMech>0</rotMech>
<evit>0</evit>
<rotByRobotType>$-1</rotByRobotType>
<rotForPodType>$-1</rotForPodType>
<sensorswitchPoint>0</sensorswitchPoint>
<PalletRecognition>0</PalletRecognition>
<TranZoneType>0</TranZoneType>
<RotBarrierArea>0</RotBarrierArea>
<IsUpdateMap>1</IsUpdateMap>
<NeighbInfo>
<id isLine="0">1</id>
<distance>9.992</distance>
<Rever>0</Rever>
<Speed />
<Ultrasonic />
<LeftWidth />
<RightWidth />
<RoadLeftWidth />
<RoadRightWidth />
<robottype>$-1</robottype>
<PodDir>999</PodDir>
<StartDir>666</StartDir>
<StopDir>666</StopDir>
<AlarmVoice />
<PreForkLift>0</PreForkLift>
<rotate>1</rotate>
<LaserType>0</LaserType>
<PodLaserType>0</PodLaserType>
<SensorSwitch>0</SensorSwitch>
<carryType>$-1</carryType>
<ctnrtype>$-1</ctnrtype>
<CtrlPoint />
<id isLine="0">7</id>
<distance>6.875</distance>
<Rever>0</Rever>
<Speed />
<Ultrasonic />
<LeftWidth />
<RightWidth />
<RoadLeftWidth />
<RoadRightWidth />
<robottype>$-1</robottype>
<PodDir>999</PodDir>
<StartDir>666</StartDir>
<StopDir>666</StopDir>
<AlarmVoice />
<PreForkLift>0</PreForkLift>
<rotate>1</rotate>
<LaserType>0</LaserType>
<PodLaserType>0</PodLaserType>
<SensorSwitch>0</SensorSwitch>
<carryType>$-1</carryType>
<ctnrtype>$-1</ctnrtype>
<CtrlPoint />
<id isLine="0">21</id>
<distance>7.148</distance>
<Rever/>
<Speed />
<Ultrasonic />
<LeftWidth />
<RightWidth />
<RoadLeftWidth />
<RoadRightWidth />
<robottype>$-1</robottype>
<PodDir>999</PodDir>
<StartDir>666</StartDir>
<StopDir>666</StopDir>
<AlarmVoice />
<PreForkLift>0</PreForkLift>
<rotate>1</rotate>
<LaserType>0</LaserType>
<PodLaserType>0</PodLaserType>
<SensorSwitch>0</SensorSwitch>
<carryType>$-1</carryType>
<ctnrtype>$-1</ctnrtype>
<CtrlPoint />
<id isLine="0">8</id>
<distance>12.457</distance>
<Rever>0</Rever>
<Speed />
<Ultrasonic />
<LeftWidth />
<RightWidth />
<RoadLeftWidth />
<RoadRightWidth />
<robottype>$-1</robottype>
<PodDir>999</PodDir>
<StartDir>666</StartDir>
<StopDir>666</StopDir>
<AlarmVoice />
<PreForkLift>0</PreForkLift>
<rotate>1</rotate>
<LaserType>0</LaserType>
<PodLaserType>0</PodLaserType>
<SensorSwitch>0</SensorSwitch>
<carryType>$-1</carryType>
<ctnrtype>$-1</ctnrtype>
<CtrlPoint>
<Pos xpos="8.690" ypos="55.208" />
<Pos xpos="14.060" ypos="55.208" />
<Pos xpos="11.474" ypos="48.333" />
<Pos xpos="16.843" ypos="48.333" />
</CtrlPoint>
</NeighbInfo>
</PointInfo>
<PointInfo>
<id>1</id>
<xpos>17.719</xpos>
<ypos>56.874</ypos>
<value isChargeable="0">1</value>
<RoadProperty>0</RoadProperty>
<Rot>0</Rot>
<alldirRot>0</alldirRot>
<allDir>9</allDir>
<EleDir>999</EleDir>
<ElePre>0</ElePre>
<RotRad>0</RotRad>
<robottype>$-1</robottype>
<RotUnderPod>0</RotUnderPod>
<rotMech>0</rotMech>
<evit>0</evit>
<rotByRobotType>$-1</rotByRobotType>
<rotForPodType>$-1</rotForPodType>
<sensorswitchPoint>0</sensorswitchPoint>
<PalletRecognition>0</PalletRecognition>
<TranZoneType>0</TranZoneType>
<RotBarrierArea>0</RotBarrierArea>
<IsUpdateMap>1</IsUpdateMap>
<NeighbInfo>
<id isLine="0">2</id>
<distance>7.300</distance>
<Rever>0</Rever>
<Speed />
<Ultrasonic />
<LeftWidth />
<RightWidth />
<RoadLeftWidth />
<RoadRightWidth />
<robottype>$-1</robottype>
<PodDir>999</PodDir>
<StartDir>666</StartDir>
<StopDir>666</StopDir>
<AlarmVoice />
<PreForkLift>0</PreForkLift>
<rotate>1</rotate>
<LaserType>0</LaserType>
<PodLaserType>0</PodLaserType>
<SensorSwitch>0</SensorSwitch>
<carryType>$-1</carryType>
<ctnrtype>$-1</ctnrtype>
<CtrlPoint />
<id isLine="0">0</id>
<distance>9.992</distance>
<Rever>0</Rever>
<Speed />
<Ultrasonic />
<LeftWidth />
<RightWidth />
<RoadLeftWidth />
<RoadRightWidth />
<robottype>$-1</robottype>
<PodDir>999</PodDir>
<StartDir>666</StartDir>
<StopDir>666</StopDir>
<AlarmVoice />
<PreForkLift>0</PreForkLift>
<rotate>1</rotate>
<LaserType>0</LaserType>
<PodLaserType>0</PodLaserType>
<SensorSwitch>0</SensorSwitch>
<carryType>$-1</carryType>
<ctnrtype>$-1</ctnrtype>
<CtrlPoint />
<id isLine="0">8</id>
<distance>8.541</distance>
<Rever>0</Rever>
<Speed />
<Ultrasonic />
<LeftWidth />
<RightWidth />
<RoadLeftWidth />
<RoadRightWidth />
<robottype>$-1</robottype>
<PodDir>999</PodDir>
<StartDir>666</StartDir>
<StopDir>666</StopDir>
<AlarmVoice />
<PreForkLift>0</PreForkLift>
<rotate>1</rotate>
<LaserType>0</LaserType>
<PodLaserType>0</PodLaserType>
<SensorSwitch>0</SensorSwitch>
<carryType>$-1</carryType>
<ctnrtype>$-1</ctnrtype>
<CtrlPoint />
<id isLine="0">14</id>
<distance>5.209</distance>
<Rever>0</Rever>
<Speed />
<Ultrasonic />
<LeftWidth />
<RightWidth />
<RoadLeftWidth />
<RoadRightWidth />
<robottype>$-1</robottype>
<PodDir>999</PodDir>
<StartDir>666</StartDir>
<StopDir>666</StopDir>
<AlarmVoice />
<PreForkLift>0</PreForkLift>
<rotate>1</rotate>
<LaserType>0</LaserType>
<PodLaserType>0</PodLaserType>
<SensorSwitch>0</SensorSwitch>
<carryType>$-1</carryType>
<ctnrtype>$-1</ctnrtype>
<CtrlPoint />
</NeighbInfo>
</PointInfo>
<PointInfo>
<id>2</id>
<xpos>24.958</xpos>
<ypos>55.933</ypos>
<value isChargeable="0">1</value>
<RoadProperty>0</RoadProperty>
<Rot>0</Rot>
<alldirRot>0</alldirRot>
<allDir>9</allDir>
<EleDir>999</EleDir>
<ElePre>0</ElePre>
<RotRad>0</RotRad>
<robottype>$-1</robottype>
<RotUnderPod>0</RotUnderPod>
<rotMech>0</rotMech>
<evit>0</evit>
<rotByRobotType>$-1</rotByRobotType>
<rotForPodType>$-1</rotForPodType>
<sensorswitchPoint>0</sensorswitchPoint>
<PalletRecognition>0</PalletRecognition>
<TranZoneType>0</TranZoneType>
<RotBarrierArea>0</RotBarrierArea>
<IsUpdateMap>1</IsUpdateMap>
<NeighbInfo>
<id isLine="0">3</id>
<distance>11.224</distance>
<Rever>0</Rever>
<Speed />
<Ultrasonic />
<LeftWidth />
<RightWidth />
<RoadLeftWidth />
<RoadRightWidth />
<robottype>$-1</robottype>
<PodDir>999</PodDir>
<StartDir>666</StartDir>
<StopDir>666</StopDir>
<AlarmVoice />
<PreForkLift>0</PreForkLift>
<rotate>1</rotate>
<LaserType>0</LaserType>
<PodLaserType>0</PodLaserType>
<SensorSwitch>0</SensorSwitch>
<carryType>$-1</carryType>
<ctnrtype>$-1</ctnrtype>
<CtrlPoint />
<id isLine="0">1</id>
<distance>7.300</distance>
<Rever>0</Rever>
<Speed />
<Ultrasonic />
<LeftWidth />
<RightWidth />
<RoadLeftWidth />
<RoadRightWidth />
<robottype>$-1</robottype>
<PodDir>999</PodDir>
<StartDir>666</StartDir>
<StopDir>666</StopDir>
<AlarmVoice />
<PreForkLift>0</PreForkLift>
<rotate>1</rotate>
<LaserType>0</LaserType>
<PodLaserType>0</PodLaserType>
<SensorSwitch>0</SensorSwitch>
<carryType>$-1</carryType>
<ctnrtype>$-1</ctnrtype>
<CtrlPoint />
<id isLine="0">9</id>
<distance>7.678</distance>
<Rever>0</Rever>
<Speed />
<Ultrasonic />
<LeftWidth />
<RightWidth />
<RoadLeftWidth />
<RoadRightWidth />
<robottype>$-1</robottype>
<PodDir>999</PodDir>
<StartDir>666</StartDir>
<StopDir>666</StopDir>
<AlarmVoice />
<PreForkLift>0</PreForkLift>
<rotate>1</rotate>
<LaserType>0</LaserType>
<PodLaserType>0</PodLaserType>
<SensorSwitch>0</SensorSwitch>
<carryType>$-1</carryType>
<ctnrtype>$-1</ctnrtype>
<CtrlPoint />
<id isLine="0">15</id>
<distance>7.477</distance>
<Rever>0</Rever>
<Speed />
<Ultrasonic />
<LeftWidth />
<RightWidth />
<RoadLeftWidth />
<RoadRightWidth />
<robottype>$-1</robottype>
<PodDir>999</PodDir>
<StartDir>666</StartDir>
<StopDir>666</StopDir>
<AlarmVoice />
<PreForkLift>0</PreForkLift>
<rotate>1</rotate>
<LaserType>0</LaserType>
<PodLaserType>0</PodLaserType>
<SensorSwitch>0</SensorSwitch>
<carryType>$-1</carryType>
<ctnrtype>$-1</ctnrtype>
<CtrlPoint />
</NeighbInfo>
</PointInfo>
<PointInfo>
<id>3</id>
<xpos>36.182</xpos>
<ypos>55.933</ypos>
<value isChargeable="0">1</value>
<RoadProperty>0</RoadProperty>
<Rot>0</Rot>
<alldirRot>0</alldirRot>
<allDir>9</allDir>
<EleDir>999</EleDir>
<ElePre>0</ElePre>
<RotRad>0</RotRad>
<robottype>$-1</robottype>
<RotUnderPod>0</RotUnderPod>
<rotMech>0</rotMech>
<evit>0</evit>
<rotByRobotType>$-1</rotByRobotType>
<rotForPodType>$-1</rotForPodType>
<sensorswitchPoint>0</sensorswitchPoint>
<PalletRecognition>0</PalletRecognition>
<TranZoneType>0</TranZoneType>
<RotBarrierArea>0</RotBarrierArea>
<IsUpdateMap>1</IsUpdateMap>
<NeighbInfo>
<id isLine="0">4</id>
<distance>12.548</distance>
<Rever>0</Rever>
<Speed />
<Ultrasonic />
<LeftWidth />
<RightWidth />
<RoadLeftWidth />
<RoadRightWidth />
<robottype>$-1</robottype>
<PodDir>999</PodDir>
<StartDir>666</StartDir>
<StopDir>666</StopDir>
<AlarmVoice />
<PreForkLift>0</PreForkLift>
<rotate>1</rotate>
<LaserType>0</LaserType>
<PodLaserType>0</PodLaserType>
<SensorSwitch>0</SensorSwitch>
<carryType>$-1</carryType>
<ctnrtype>$-1</ctnrtype>
<CtrlPoint />
<id isLine="0">2</id>
<distance>11.224</distance>
<Rever>0</Rever>
<Speed />
<Ultrasonic />
<LeftWidth />
<RightWidth />
<RoadLeftWidth />
<RoadRightWidth />
<robottype>$-1</robottype>
<PodDir>999</PodDir>
<StartDir>666</StartDir>
<StopDir>666</StopDir>
<AlarmVoice />
<PreForkLift>0</PreForkLift>
<rotate>1</rotate>
<LaserType>0</LaserType>
<PodLaserType>0</PodLaserType>
<SensorSwitch>0</SensorSwitch>
<carryType>$-1</carryType>
<ctnrtype>$-1</ctnrtype>
<CtrlPoint />
<id isLine="0">10</id>
<distance>7.671</distance>
<Rever>0</Rever>
<Speed />
<Ultrasonic />
<LeftWidth />
<RightWidth />
<RoadLeftWidth />
<RoadRightWidth />
<robottype>$-1</robottype>
<PodDir>999</PodDir>
<StartDir>666</StartDir>
<StopDir>666</StopDir>
<AlarmVoice />
<PreForkLift>0</PreForkLift>
<rotate>1</rotate>
<LaserType>0</LaserType>
<PodLaserType>0</PodLaserType>
<SensorSwitch>0</SensorSwitch>
<carryType>$-1</carryType>
<ctnrtype>$-1</ctnrtype>
<CtrlPoint />
<id isLine="0">16</id>
<distance>7.178</distance>
<Rever>0</Rever>
<Speed />
<Ultrasonic />
<LeftWidth />
<RightWidth />
<RoadLeftWidth />
<RoadRightWidth />
<robottype>$-1</robottype>
<PodDir>999</PodDir>
<StartDir>666</StartDir>
<StopDir>666</StopDir>
<AlarmVoice />
<PreForkLift>0</PreForkLift>
<rotate>1</rotate>
<LaserType>0</LaserType>
<PodLaserType>0</PodLaserType>
<SensorSwitch>0</SensorSwitch>
<carryType>$-1</carryType>
<ctnrtype>$-1</ctnrtype>
<CtrlPoint />
</NeighbInfo>
</PointInfo>
<PointInfo>
<id>4</id>
<xpos>48.731</xpos>
<ypos>55.933</ypos>
<value isChargeable="0">1</value>
<RoadProperty>0</RoadProperty>
<Rot>0</Rot>
<alldirRot>0</alldirRot>
<allDir>9</allDir>
<EleDir>999</EleDir>
<ElePre>0</ElePre>
<RotRad>0</RotRad>
<robottype>$-1</robottype>
<RotUnderPod>0</RotUnderPod>
<rotMech>0</rotMech>
<evit>0</evit>
<rotByRobotType>$-1</rotByRobotType>
<rotForPodType>$-1</rotForPodType>
<sensorswitchPoint>0</sensorswitchPoint>
<PalletRecognition>0</PalletRecognition>
<TranZoneType>0</TranZoneType>
<RotBarrierArea>0</RotBarrierArea>
<IsUpdateMap>1</IsUpdateMap>
<NeighbInfo>
<id isLine="0">5</id>
<distance>5.104</distance>
<Rever>0</Rever>
<Speed />
<Ultrasonic />
<LeftWidth />
<RightWidth />
<RoadLeftWidth />
<RoadRightWidth />
<robottype>$-1</robottype>
<PodDir>999</PodDir>
<StartDir>666</StartDir>
<StopDir>666</StopDir>
<AlarmVoice />
<PreForkLift>0</PreForkLift>
<rotate>1</rotate>
<LaserType>0</LaserType>
<PodLaserType>0</PodLaserType>
<SensorSwitch>0</SensorSwitch>
<carryType>$-1</carryType>
<ctnrtype>$-1</ctnrtype>
<CtrlPoint />
<id isLine="0">3</id>
<distance>12.548</distance>
<Rever>0</Rever>
<Speed />
<Ultrasonic />
<LeftWidth />
<RightWidth />
<RoadLeftWidth />
<RoadRightWidth />
<robottype>$-1</robottype>
<PodDir>999</PodDir>
<StartDir>666</StartDir>
<StopDir>666</StopDir>
<AlarmVoice />
<PreForkLift>0</PreForkLift>
<rotate>1</rotate>
<LaserType>0</LaserType>
<PodLaserType>0</PodLaserType>
<SensorSwitch>0</SensorSwitch>
<carryType>$-1</carryType>
<ctnrtype>$-1</ctnrtype>
<CtrlPoint />
<id isLine="0">11</id>
<distance>8.833</distance>
<Rever>0</Rever>
<Speed />
<Ultrasonic />
<LeftWidth />
<RightWidth />
<RoadLeftWidth />
<RoadRightWidth />
<robottype>$-1</robottype>
<PodDir>999</PodDir>
<StartDir>666</StartDir>
<StopDir>666</StopDir>
<AlarmVoice />
<PreForkLift>0</PreForkLift>
<rotate>1</rotate>
<LaserType>0</LaserType>
<PodLaserType>0</PodLaserType>
<SensorSwitch>0</SensorSwitch>
<carryType>$-1</carryType>
<ctnrtype>$-1</ctnrtype>
<CtrlPoint />
<id isLine="0">17</id>
<distance>6.415</distance>
<Rever>0</Rever>
<Speed />
<Ultrasonic />
<LeftWidth />
<RightWidth />
<RoadLeftWidth />
<RoadRightWidth />
<robottype>$-1</robottype>
<PodDir>999</PodDir>
<StartDir>666</StartDir>
<StopDir>666</StopDir>
<AlarmVoice />
<PreForkLift>0</PreForkLift>
<rotate>1</rotate>
<LaserType>0</LaserType>
<PodLaserType>0</PodLaserType>
<SensorSwitch>0</SensorSwitch>
<carryType>$-1</carryType>
<ctnrtype>$-1</ctnrtype>
<CtrlPoint />
</NeighbInfo>
</PointInfo>
<PointInfo>
<id>5</id>
<xpos>53.835</xpos>
<ypos>55.933</ypos>
<value isChargeable="0">1</value>
<RoadProperty>0</RoadProperty>
<Rot>0</Rot>
<alldirRot>0</alldirRot>
<allDir>9</allDir>
<EleDir>999</EleDir>
<ElePre>0</ElePre>
<RotRad>0</RotRad>
<robottype>$-1</robottype>
<RotUnderPod>0</RotUnderPod>
<rotMech>0</rotMech>
<evit>0</evit>
<rotByRobotType>$-1</rotByRobotType>
<rotForPodType>$-1</rotForPodType>
<sensorswitchPoint>0</sensorswitchPoint>
<PalletRecognition>0</PalletRecognition>
<TranZoneType>0</TranZoneType>
<RotBarrierArea>0</RotBarrierArea>
<IsUpdateMap>1</IsUpdateMap>
<NeighbInfo>
<id isLine="0">6</id>
<distance>18.056</distance>
<Rever>0</Rever>
<Speed />
<Ultrasonic />
<LeftWidth />
<RightWidth />
<RoadLeftWidth />
<RoadRightWidth />
<robottype>$-1</robottype>
<PodDir>999</PodDir>
<StartDir>666</StartDir>
<StopDir>666</StopDir>
<AlarmVoice />
<PreForkLift>0</PreForkLift>
<rotate>1</rotate>
<LaserType>0</LaserType>
<PodLaserType>0</PodLaserType>
<SensorSwitch>0</SensorSwitch>
<carryType>$-1</carryType>
<ctnrtype>$-1</ctnrtype>
<CtrlPoint />
<id isLine="0">4</id>
<distance>5.104</distance>
<Rever>0</Rever>
<Speed />
<Ultrasonic />
<LeftWidth />
<RightWidth />
<RoadLeftWidth />
<RoadRightWidth />
<robottype>$-1</robottype>
<PodDir>999</PodDir>
<StartDir>666</StartDir>
<StopDir>666</StopDir>
<AlarmVoice />
<PreForkLift>0</PreForkLift>
<rotate>1</rotate>
<LaserType>0</LaserType>
<PodLaserType>0</PodLaserType>
<SensorSwitch>0</SensorSwitch>
<carryType>$-1</carryType>
<ctnrtype>$-1</ctnrtype>
<CtrlPoint />
<id isLine="0">12</id>
<distance>7.617</distance>
<Rever>0</Rever>
<Speed />
<Ultrasonic />
<LeftWidth />
<RightWidth />
<RoadLeftWidth />
<RoadRightWidth />
<robottype>$-1</robottype>
<PodDir>999</PodDir>
<StartDir>666</StartDir>
<StopDir>666</StopDir>
<AlarmVoice />
<PreForkLift>0</PreForkLift>
<rotate>1</rotate>
<LaserType>0</LaserType>
<PodLaserType>0</PodLaserType>
<SensorSwitch>0</SensorSwitch>
<carryType>$-1</carryType>
<ctnrtype>$-1</ctnrtype>
<CtrlPoint />
<id isLine="0">18</id>
<distance>9.617</distance>
<Rever>0</Rever>
<Speed />
<Ultrasonic />
<LeftWidth />
<RightWidth />
<RoadLeftWidth />
<RoadRightWidth />
<robottype>$-1</robottype>
<PodDir>999</PodDir>
<StartDir>666</StartDir>
<StopDir>666</StopDir>
<AlarmVoice />
<PreForkLift>0</PreForkLift>
<rotate>1</rotate>
<LaserType>0</LaserType>
<PodLaserType>0</PodLaserType>
<SensorSwitch>0</SensorSwitch>
<carryType>$-1</carryType>
<ctnrtype>$-1</ctnrtype>
<CtrlPoint />
</NeighbInfo>
</PointInfo>
<PointInfo>
<id>6</id>
<xpos>71.891</xpos>
<ypos>55.933</ypos>
<value isChargeable="0">1</value>
<RoadProperty>0</RoadProperty>
<Rot>0</Rot>
<alldirRot>0</alldirRot>
<allDir>9</allDir>
<EleDir>999</EleDir>
<ElePre>0</ElePre>
<RotRad>0</RotRad>
<robottype>$-1</robottype>
<RotUnderPod>0</RotUnderPod>
<rotMech>0</rotMech>
<evit>0</evit>
<rotByRobotType>$-1</rotByRobotType>
<rotForPodType>$-1</rotForPodType>
<sensorswitchPoint>0</sensorswitchPoint>
<PalletRecognition>0</PalletRecognition>
<TranZoneType>0</TranZoneType>
<RotBarrierArea>0</RotBarrierArea>
<IsUpdateMap>1</IsUpdateMap>
<NeighbInfo>
<id isLine="0">5</id>
<distance>18.056</distance>
<Rever>0</Rever>
<Speed />
<Ultrasonic />
<LeftWidth />
<RightWidth />
<RoadLeftWidth />
<RoadRightWidth />
<robottype>$-1</robottype>
<PodDir>999</PodDir>
<StartDir>666</StartDir>
<StopDir>666</StopDir>
<AlarmVoice />
<PreForkLift>0</PreForkLift>
<rotate>1</rotate>
<LaserType>0</LaserType>
<PodLaserType>0</PodLaserType>
<SensorSwitch>0</SensorSwitch>
<carryType>$-1</carryType>
<ctnrtype>$-1</ctnrtype>
<CtrlPoint />
<id isLine="0">19</id>
<distance>6.150</distance>
<Rever>0</Rever>
<Speed />
<Ultrasonic />
<LeftWidth />
<RightWidth />
<RoadLeftWidth />
<RoadRightWidth />
<robottype>$-1</robottype>
<PodDir>999</PodDir>
<StartDir>666</StartDir>
<StopDir>666</StopDir>
<AlarmVoice />
<PreForkLift>0</PreForkLift>
<rotate>1</rotate>
<LaserType>0</LaserType>
<PodLaserType>0</PodLaserType>
<SensorSwitch>0</SensorSwitch>
<carryType>$-1</carryType>
<ctnrtype>$-1</ctnrtype>
<CtrlPoint />
<id isLine="0">13</id>
<distance>7.610</distance>
<Rever>0</Rever>
<Speed />
<Ultrasonic />
<LeftWidth />
<RightWidth />
<RoadLeftWidth />
<RoadRightWidth />
<robottype>$-1</robottype>
<PodDir>999</PodDir>
<StartDir>666</StartDir>
<StopDir>666</StopDir>
<AlarmVoice />
<PreForkLift>0</PreForkLift>
<rotate>1</rotate>
<LaserType>0</LaserType>
<PodLaserType>0</PodLaserType>
<SensorSwitch>0</SensorSwitch>
<carryType>$-1</carryType>
<ctnrtype>$-1</ctnrtype>
<CtrlPoint />
<id isLine="0">20</id>
<distance>12.151</distance>
<Rever>0</Rever>
<Speed />
<Ultrasonic />
<LeftWidth />
<RightWidth />
<RoadLeftWidth />
<RoadRightWidth />
<robottype>$-1</robottype>
<PodDir>999</PodDir>
<StartDir>666</StartDir>
<StopDir>666</StopDir>
<AlarmVoice />
<PreForkLift>0</PreForkLift>
<rotate>1</rotate>
<LaserType>0</LaserType>
<PodLaserType>0</PodLaserType>
<SensorSwitch>0</SensorSwitch>
<carryType>$-1</carryType>
<ctnrtype>$-1</ctnrtype>
<CtrlPoint />
</NeighbInfo>
</PointInfo>
<PointInfo>
<id>7</id>
<xpos>7.867</xpos>
<ypos>48.333</ypos>
<value isChargeable="0">1</value>
<RoadProperty>0</RoadProperty>
<Rot>0</Rot>
<alldirRot>0</alldirRot>
<allDir>9</allDir>
<EleDir>999</EleDir>
<ElePre>0</ElePre>
<RotRad>0</RotRad>
<robottype>$-1</robottype>
<RotUnderPod>0</RotUnderPod>
<rotMech>0</rotMech>
<evit>0</evit>
<rotByRobotType>$-1</rotByRobotType>
<rotForPodType>$-1</rotForPodType>
<sensorswitchPoint>0</sensorswitchPoint>
<PalletRecognition>0</PalletRecognition>
<TranZoneType>0</TranZoneType>
<RotBarrierArea>0</RotBarrierArea>
<IsUpdateMap>1</IsUpdateMap>
<NeighbInfo>
<id isLine="0">8</id>
<distance>9.800</distance>
<Rever>0</Rever>
<Speed />
<Ultrasonic />
<LeftWidth />
<RightWidth />
<RoadLeftWidth />
<RoadRightWidth />
<robottype>$-1</robottype>
<PodDir>999</PodDir>
<StartDir>666</StartDir>
<StopDir>666</StopDir>
<AlarmVoice />
<PreForkLift>0</PreForkLift>
<rotate>1</rotate>
<LaserType>0</LaserType>
<PodLaserType>0</PodLaserType>
<SensorSwitch>0</SensorSwitch>
<carryType>$-1</carryType>
<ctnrtype>$-1</ctnrtype>
<CtrlPoint />
<id isLine="0">0</id>
<distance>6.875</distance>
<Rever>0</Rever>
<Speed />
<Ultrasonic />
<LeftWidth />
<RightWidth />
<RoadLeftWidth />
<RoadRightWidth />
<robottype>$-1</robottype>
<PodDir>999</PodDir>
<StartDir>666</StartDir>
<StopDir>666</StopDir>
<AlarmVoice />
<PreForkLift>0</PreForkLift>
<rotate>1</rotate>
<LaserType>0</LaserType>
<PodLaserType>0</PodLaserType>
<SensorSwitch>0</SensorSwitch>
<carryType>$-1</carryType>
<ctnrtype>$-1</ctnrtype>
<CtrlPoint />
</NeighbInfo>
</PointInfo>
<PointInfo>
<id>8</id>
<xpos>17.667</xpos>
<ypos>48.333</ypos>
<value isChargeable="0">1</value>
<RoadProperty>0</RoadProperty>
<Rot>0</Rot>
<alldirRot>0</alldirRot>
<allDir>9</allDir>
<EleDir>999</EleDir>
<ElePre>0</ElePre>
<RotRad>0</RotRad>
<robottype>$-1</robottype>
<RotUnderPod>0</RotUnderPod>
<rotMech>0</rotMech>
<evit>0</evit>
<rotByRobotType>$-1</rotByRobotType>
<rotForPodType>$-1</rotForPodType>
<sensorswitchPoint>0</sensorswitchPoint>
<PalletRecognition>0</PalletRecognition>
<TranZoneType>0</TranZoneType>
<RotBarrierArea>0</RotBarrierArea>
<IsUpdateMap>1</IsUpdateMap>
<NeighbInfo>
<id isLine="0">9</id>
<distance>8.381</distance>
<Rever>0</Rever>
<Speed />
<Ultrasonic />
<LeftWidth />
<RightWidth />
<RoadLeftWidth />
<RoadRightWidth />
<robottype>$-1</robottype>
<PodDir>999</PodDir>
<StartDir>666</StartDir>
<StopDir>666</StopDir>
<AlarmVoice />
<PreForkLift>0</PreForkLift>
<rotate>1</rotate>
<LaserType>0</LaserType>
<PodLaserType>0</PodLaserType>
<SensorSwitch>0</SensorSwitch>
<carryType>$-1</carryType>
<ctnrtype>$-1</ctnrtype>
<CtrlPoint />
<id isLine="0">1</id>
<distance>8.541</distance>
<Rever>0</Rever>
<Speed />
<Ultrasonic />
<LeftWidth />
<RightWidth />
<RoadLeftWidth />
<RoadRightWidth />
<robottype>$-1</robottype>
<PodDir>999</PodDir>
<StartDir>666</StartDir>
<StopDir>666</StopDir>
<AlarmVoice />
<PreForkLift>0</PreForkLift>
<rotate>1</rotate>
<LaserType>0</LaserType>
<PodLaserType>0</PodLaserType>
<SensorSwitch>0</SensorSwitch>
<carryType>$-1</carryType>
<ctnrtype>$-1</ctnrtype>
<CtrlPoint />
<id isLine="0">7</id>
<distance>9.800</distance>
<Rever>0</Rever>
<Speed />
<Ultrasonic />
<LeftWidth />
<RightWidth />
<RoadLeftWidth />
<RoadRightWidth />
<robottype>$-1</robottype>
<PodDir>999</PodDir>
<StartDir>666</StartDir>
<StopDir>666</StopDir>
<AlarmVoice />
<PreForkLift>0</PreForkLift>
<rotate>1</rotate>
<LaserType>0</LaserType>
<PodLaserType>0</PodLaserType>
<SensorSwitch>0</SensorSwitch>
<carryType>$-1</carryType>
<ctnrtype>$-1</ctnrtype>
<CtrlPoint />
</NeighbInfo>
</PointInfo>
<PointInfo>
<id>9</id>
<xpos>26.048</xpos>
<ypos>48.333</ypos>
<value isChargeable="0">1</value>
<RoadProperty>0</RoadProperty>
<Rot>0</Rot>
<alldirRot>0</alldirRot>
<allDir>9</allDir>
<EleDir>999</EleDir>
<ElePre>0</ElePre>
<RotRad>0</RotRad>
<robottype>$-1</robottype>
<RotUnderPod>0</RotUnderPod>
<rotMech>0</rotMech>
<evit>0</evit>
<rotByRobotType>$-1</rotByRobotType>
<rotForPodType>$-1</rotForPodType>
<sensorswitchPoint>0</sensorswitchPoint>
<PalletRecognition>0</PalletRecognition>
<TranZoneType>0</TranZoneType>
<RotBarrierArea>0</RotBarrierArea>
<IsUpdateMap>1</IsUpdateMap>
<NeighbInfo>
<id isLine="0">10</id>
<distance>9.090</distance>
<Rever>0</Rever>
<Speed />
<Ultrasonic />
<LeftWidth />
<RightWidth />
<RoadLeftWidth />
<RoadRightWidth />
<robottype>$-1</robottype>
<PodDir>999</PodDir>
<StartDir>666</StartDir>
<StopDir>666</StopDir>
<AlarmVoice />
<PreForkLift>0</PreForkLift>
<rotate>1</rotate>
<LaserType>0</LaserType>
<PodLaserType>0</PodLaserType>
<SensorSwitch>0</SensorSwitch>
<carryType>$-1</carryType>
<ctnrtype>$-1</ctnrtype>
<CtrlPoint />
<id isLine="0">8</id>
<distance>8.381</distance>
<Rever>0</Rever>
<Speed />
<Ultrasonic />
<LeftWidth />
<RightWidth />
<RoadLeftWidth />
<RoadRightWidth />
<robottype>$-1</robottype>
<PodDir>999</PodDir>
<StartDir>666</StartDir>
<StopDir>666</StopDir>
<AlarmVoice />
<PreForkLift>0</PreForkLift>
<rotate>1</rotate>
<LaserType>0</LaserType>
<PodLaserType>0</PodLaserType>
<SensorSwitch>0</SensorSwitch>
<carryType>$-1</carryType>
<ctnrtype>$-1</ctnrtype>
<CtrlPoint />
<id isLine="0">2</id>
<distance>7.678</distance>
<Rever>0</Rever>
<Speed />
<Ultrasonic />
<LeftWidth />
<RightWidth />
<RoadLeftWidth />
<RoadRightWidth />
<robottype>$-1</robottype>
<PodDir>999</PodDir>
<StartDir>666</StartDir>
<StopDir>666</StopDir>
<AlarmVoice />
<PreForkLift>0</PreForkLift>
<rotate>1</rotate>
<LaserType>0</LaserType>
<PodLaserType>0</PodLaserType>
<SensorSwitch>0</SensorSwitch>
<carryType>$-1</carryType>
<ctnrtype>$-1</ctnrtype>
<CtrlPoint />
</NeighbInfo>
</PointInfo>
<PointInfo>
<id>10</id>
<xpos>35.138</xpos>
<ypos>48.333</ypos>
<value isChargeable="0">1</value>
<RoadProperty>0</RoadProperty>
<Rot>0</Rot>
<alldirRot>0</alldirRot>
<allDir>9</allDir>
<EleDir>999</EleDir>
<ElePre>0</ElePre>
<RotRad>0</RotRad>
<robottype>$-1</robottype>
<RotUnderPod>0</RotUnderPod>
<rotMech>0</rotMech>
<evit>0</evit>
<rotByRobotType>$-1</rotByRobotType>
<rotForPodType>$-1</rotForPodType>
<sensorswitchPoint>0</sensorswitchPoint>
<PalletRecognition>0</PalletRecognition>
<TranZoneType>0</TranZoneType>
<RotBarrierArea>0</RotBarrierArea>
<IsUpdateMap>1</IsUpdateMap>
<NeighbInfo>
<id isLine="0">11</id>
<distance>9.090</distance>
<Rever>0</Rever>
<Speed />
<Ultrasonic />
<LeftWidth />
<RightWidth />
<RoadLeftWidth />
<RoadRightWidth />
<robottype>$-1</robottype>
<PodDir>999</PodDir>
<StartDir>666</StartDir>
<StopDir>666</StopDir>
<AlarmVoice />
<PreForkLift>0</PreForkLift>
<rotate>1</rotate>
<LaserType>0</LaserType>
<PodLaserType>0</PodLaserType>
<SensorSwitch>0</SensorSwitch>
<carryType>$-1</carryType>
<ctnrtype>$-1</ctnrtype>
<CtrlPoint />
<id isLine="0">9</id>
<distance>9.090</distance>
<Rever>0</Rever>
<Speed />
<Ultrasonic />
<LeftWidth />
<RightWidth />
<RoadLeftWidth />
<RoadRightWidth />
<robottype>$-1</robottype>
<PodDir>999</PodDir>
<StartDir>666</StartDir>
<StopDir>666</StopDir>
<AlarmVoice />
<PreForkLift>0</PreForkLift>
<rotate>1</rotate>
<LaserType>0</LaserType>
<PodLaserType>0</PodLaserType>
<SensorSwitch>0</SensorSwitch>
<carryType>$-1</carryType>
<ctnrtype>$-1</ctnrtype>
<CtrlPoint />
<id isLine="0">3</id>
<distance>7.671</distance>
<Rever>0</Rever>
<Speed />
<Ultrasonic />
<LeftWidth />
<RightWidth />
<RoadLeftWidth />
<RoadRightWidth />
<robottype>$-1</robottype>
<PodDir>999</PodDir>
<StartDir>666</StartDir>
<StopDir>666</StopDir>
<AlarmVoice />
<PreForkLift>0</PreForkLift>
<rotate>1</rotate>
<LaserType>0</LaserType>
<PodLaserType>0</PodLaserType>
<SensorSwitch>0</SensorSwitch>
<carryType>$-1</carryType>
<ctnrtype>$-1</ctnrtype>
<CtrlPoint />
</NeighbInfo>
</PointInfo>
<PointInfo>
<id>11</id>
<xpos>44.229</xpos>
<ypos>48.333</ypos>
<value isChargeable="0">1</value>
<RoadProperty>0</RoadProperty>
<Rot>0</Rot>
<alldirRot>0</alldirRot>
<allDir>9</allDir>
<EleDir>999</EleDir>
<ElePre>0</ElePre>
<RotRad>0</RotRad>
<robottype>$-1</robottype>
<RotUnderPod>0</RotUnderPod>
<rotMech>0</rotMech>
<evit>0</evit>
<rotByRobotType>$-1</rotByRobotType>
<rotForPodType>$-1</rotForPodType>
<sensorswitchPoint>0</sensorswitchPoint>
<PalletRecognition>0</PalletRecognition>
<TranZoneType>0</TranZoneType>
<RotBarrierArea>0</RotBarrierArea>
<IsUpdateMap>1</IsUpdateMap>
<NeighbInfo>
<id isLine="0">12</id>
<distance>9.090</distance>
<Rever>0</Rever>
<Speed />
<Ultrasonic />
<LeftWidth />
<RightWidth />
<RoadLeftWidth />
<RoadRightWidth />
<robottype>$-1</robottype>
<PodDir>999</PodDir>
<StartDir>666</StartDir>
<StopDir>666</StopDir>
<AlarmVoice />
<PreForkLift>0</PreForkLift>
<rotate>1</rotate>
<LaserType>0</LaserType>
<PodLaserType>0</PodLaserType>
<SensorSwitch>0</SensorSwitch>
<carryType>$-1</carryType>
<ctnrtype>$-1</ctnrtype>
<CtrlPoint />
<id isLine="0">4</id>
<distance>8.833</distance>
<Rever>0</Rever>
<Speed />
<Ultrasonic />
<LeftWidth />
<RightWidth />
<RoadLeftWidth />
<RoadRightWidth />
<robottype>$-1</robottype>
<PodDir>999</PodDir>
<StartDir>666</StartDir>
<StopDir>666</StopDir>
<AlarmVoice />
<PreForkLift>0</PreForkLift>
<rotate>1</rotate>
<LaserType>0</LaserType>
<PodLaserType>0</PodLaserType>
<SensorSwitch>0</SensorSwitch>
<carryType>$-1</carryType>
<ctnrtype>$-1</ctnrtype>
<CtrlPoint />
<id isLine="0">10</id>
<distance>9.090</distance>
<Rever>0</Rever>
<Speed />
<Ultrasonic />
<LeftWidth />
<RightWidth />
<RoadLeftWidth />
<RoadRightWidth />
<robottype>$-1</robottype>
<PodDir>999</PodDir>
<StartDir>666</StartDir>
<StopDir>666</StopDir>
<AlarmVoice />
<PreForkLift>0</PreForkLift>
<rotate>1</rotate>
<LaserType>0</LaserType>
<PodLaserType>0</PodLaserType>
<SensorSwitch>0</SensorSwitch>
<carryType>$-1</carryType>
<ctnrtype>$-1</ctnrtype>
<CtrlPoint />
</NeighbInfo>
</PointInfo>
<PointInfo>
<id>12</id>
<xpos>53.319</xpos>
<ypos>48.333</ypos>
<value isChargeable="0">1</value>
<RoadProperty>0</RoadProperty>
<Rot>0</Rot>
<alldirRot>0</alldirRot>
<allDir>9</allDir>
<EleDir>999</EleDir>
<ElePre>0</ElePre>
<RotRad>0</RotRad>
<robottype>$-1</robottype>
<RotUnderPod>0</RotUnderPod>
<rotMech>0</rotMech>
<evit>0</evit>
<rotByRobotType>$-1</rotByRobotType>
<rotForPodType>$-1</rotForPodType>
<sensorswitchPoint>0</sensorswitchPoint>
<PalletRecognition>0</PalletRecognition>
<TranZoneType>0</TranZoneType>
<RotBarrierArea>0</RotBarrierArea>
<IsUpdateMap>1</IsUpdateMap>
<NeighbInfo>
<id isLine="0">20</id>
<distance>9.090</distance>
<Rever>0</Rever>
<Speed />
<Ultrasonic />
<LeftWidth />
<RightWidth />
<RoadLeftWidth />
<RoadRightWidth />
<robottype>$-1</robottype>
<PodDir>999</PodDir>
<StartDir>666</StartDir>
<StopDir>666</StopDir>
<AlarmVoice />
<PreForkLift>0</PreForkLift>
<rotate>1</rotate>
<LaserType>0</LaserType>
<PodLaserType>0</PodLaserType>
<SensorSwitch>0</SensorSwitch>
<carryType>$-1</carryType>
<ctnrtype>$-1</ctnrtype>
<CtrlPoint />
<id isLine="0">5</id>
<distance>7.617</distance>
<Rever>0</Rever>
<Speed />
<Ultrasonic />
<LeftWidth />
<RightWidth />
<RoadLeftWidth />
<RoadRightWidth />
<robottype>$-1</robottype>
<PodDir>999</PodDir>
<StartDir>666</StartDir>
<StopDir>666</StopDir>
<AlarmVoice />
<PreForkLift>0</PreForkLift>
<rotate>1</rotate>
<LaserType>0</LaserType>
<PodLaserType>0</PodLaserType>
<SensorSwitch>0</SensorSwitch>
<carryType>$-1</carryType>
<ctnrtype>$-1</ctnrtype>
<CtrlPoint />
<id isLine="0">11</id>
<distance>9.090</distance>
<Rever>0</Rever>
<Speed />
<Ultrasonic />
<LeftWidth />
<RightWidth />
<RoadLeftWidth />
<RoadRightWidth />
<robottype>$-1</robottype>
<PodDir>999</PodDir>
<StartDir>666</StartDir>
<StopDir>666</StopDir>
<AlarmVoice />
<PreForkLift>0</PreForkLift>
<rotate>1</rotate>
<LaserType>0</LaserType>
<PodLaserType>0</PodLaserType>
<SensorSwitch>0</SensorSwitch>
<carryType>$-1</carryType>
<ctnrtype>$-1</ctnrtype>
<CtrlPoint />
</NeighbInfo>
</PointInfo>
<PointInfo>
<id>13</id>
<xpos>71.500</xpos>
<ypos>48.333</ypos>
<value isChargeable="0">1</value>
<RoadProperty>0</RoadProperty>
<Rot>0</Rot>
<alldirRot>0</alldirRot>
<allDir>9</allDir>
<EleDir>999</EleDir>
<ElePre>0</ElePre>
<RotRad>0</RotRad>
<robottype>$-1</robottype>
<RotUnderPod>0</RotUnderPod>
<rotMech>0</rotMech>
<evit>0</evit>
<rotByRobotType>$-1</rotByRobotType>
<rotForPodType>$-1</rotForPodType>
<sensorswitchPoint>0</sensorswitchPoint>
<PalletRecognition>0</PalletRecognition>
<TranZoneType>0</TranZoneType>
<RotBarrierArea>0</RotBarrierArea>
<IsUpdateMap>1</IsUpdateMap>
<NeighbInfo>
<id isLine="0">6</id>
<distance>7.610</distance>
<Rever>0</Rever>
<Speed />
<Ultrasonic />
<LeftWidth />
<RightWidth />
<RoadLeftWidth />
<RoadRightWidth />
<robottype>$-1</robottype>
<PodDir>999</PodDir>
<StartDir>666</StartDir>
<StopDir>666</StopDir>
<AlarmVoice />
<PreForkLift>0</PreForkLift>
<rotate>1</rotate>
<LaserType>0</LaserType>
<PodLaserType>0</PodLaserType>
<SensorSwitch>0</SensorSwitch>
<carryType>$-1</carryType>
<ctnrtype>$-1</ctnrtype>
<CtrlPoint />
<id isLine="0">20</id>
<distance>9.090</distance>
<Rever>0</Rever>
<Speed />
<Ultrasonic />
<LeftWidth />
<RightWidth />
<RoadLeftWidth />
<RoadRightWidth />
<robottype>$-1</robottype>
<PodDir>999</PodDir>
<StartDir>666</StartDir>
<StopDir>666</StopDir>
<AlarmVoice />
<PreForkLift>0</PreForkLift>
<rotate>1</rotate>
<LaserType>0</LaserType>
<PodLaserType>0</PodLaserType>
<SensorSwitch>0</SensorSwitch>
<carryType>$-1</carryType>
<ctnrtype>$-1</ctnrtype>
<CtrlPoint />
</NeighbInfo>
</PointInfo>
<PointInfo>
<id>14</id>
<xpos>17.667</xpos>
<ypos>62.083</ypos>
<value isChargeable="0">1</value>
<RoadProperty>0</RoadProperty>
<Rot>0</Rot>
<alldirRot>0</alldirRot>
<allDir>9</allDir>
<EleDir>999</EleDir>
<ElePre>0</ElePre>
<RotRad>0</RotRad>
<robottype>$-1</robottype>
<RotUnderPod>0</RotUnderPod>
<rotMech>0</rotMech>
<evit>0</evit>
<rotByRobotType>$-1</rotByRobotType>
<rotForPodType>$-1</rotForPodType>
<sensorswitchPoint>0</sensorswitchPoint>
<PalletRecognition>0</PalletRecognition>
<TranZoneType>0</TranZoneType>
<RotBarrierArea>0</RotBarrierArea>
<IsUpdateMap>1</IsUpdateMap>
<NeighbInfo>
<id isLine="0">1</id>
<distance>5.209</distance>
<Rever>0</Rever>
<Speed />
<Ultrasonic />
<LeftWidth />
<RightWidth />
<RoadLeftWidth />
<RoadRightWidth />
<robottype>$-1</robottype>
<PodDir>999</PodDir>
<StartDir>666</StartDir>
<StopDir>666</StopDir>
<AlarmVoice />
<PreForkLift>0</PreForkLift>
<rotate>1</rotate>
<LaserType>0</LaserType>
<PodLaserType>0</PodLaserType>
<SensorSwitch>0</SensorSwitch>
<carryType>$-1</carryType>
<ctnrtype>$-1</ctnrtype>
<CtrlPoint />
<id isLine="0">15</id>
<distance>11.544</distance>
<Rever>0</Rever>
<Speed />
<Ultrasonic />
<LeftWidth />
<RightWidth />
<RoadLeftWidth />
<RoadRightWidth />
<robottype>$-1</robottype>
<PodDir>999</PodDir>
<StartDir>666</StartDir>
<StopDir>666</StopDir>
<AlarmVoice />
<PreForkLift>0</PreForkLift>
<rotate>1</rotate>
<LaserType>0</LaserType>
<PodLaserType>0</PodLaserType>
<SensorSwitch>0</SensorSwitch>
<carryType>$-1</carryType>
<ctnrtype>$-1</ctnrtype>
<CtrlPoint />
</NeighbInfo>
</PointInfo>
<PointInfo>
<id>15</id>
<xpos>29.211</xpos>
<ypos>62.083</ypos>
<value isChargeable="0">1</value>
<RoadProperty>0</RoadProperty>
<Rot>0</Rot>
<alldirRot>0</alldirRot>
<allDir>9</allDir>
<EleDir>999</EleDir>
<ElePre>0</ElePre>
<RotRad>0</RotRad>
<robottype>$-1</robottype>
<RotUnderPod>0</RotUnderPod>
<rotMech>0</rotMech>
<evit>0</evit>
<rotByRobotType>$-1</rotByRobotType>
<rotForPodType>$-1</rotForPodType>
<sensorswitchPoint>0</sensorswitchPoint>
<PalletRecognition>0</PalletRecognition>
<TranZoneType>0</TranZoneType>
<RotBarrierArea>0</RotBarrierArea>
<IsUpdateMap>1</IsUpdateMap>
<NeighbInfo>
<id isLine="0">14</id>
<distance>11.544</distance>
<Rever>0</Rever>
<Speed />
<Ultrasonic />
<LeftWidth />
<RightWidth />
<RoadLeftWidth />
<RoadRightWidth />
<robottype>$-1</robottype>
<PodDir>999</PodDir>
<StartDir>666</StartDir>
<StopDir>666</StopDir>
<AlarmVoice />
<PreForkLift>0</PreForkLift>
<rotate>1</rotate>
<LaserType>0</LaserType>
<PodLaserType>0</PodLaserType>
<SensorSwitch>0</SensorSwitch>
<carryType>$-1</carryType>
<ctnrtype>$-1</ctnrtype>
<CtrlPoint />
<id isLine="0">2</id>
<distance>7.477</distance>
<Rever>0</Rever>
<Speed />
<Ultrasonic />
<LeftWidth />
<RightWidth />
<RoadLeftWidth />
<RoadRightWidth />
<robottype>$-1</robottype>
<PodDir>999</PodDir>
<StartDir>666</StartDir>
<StopDir>666</StopDir>
<AlarmVoice />
<PreForkLift>0</PreForkLift>
<rotate>1</rotate>
<LaserType>0</LaserType>
<PodLaserType>0</PodLaserType>
<SensorSwitch>0</SensorSwitch>
<carryType>$-1</carryType>
<ctnrtype>$-1</ctnrtype>
<CtrlPoint />
<id isLine="0">16</id>
<distance>10.672</distance>
<Rever>0</Rever>
<Speed />
<Ultrasonic />
<LeftWidth />
<RightWidth />
<RoadLeftWidth />
<RoadRightWidth />
<robottype>$-1</robottype>
<PodDir>999</PodDir>
<StartDir>666</StartDir>
<StopDir>666</StopDir>
<AlarmVoice />
<PreForkLift>0</PreForkLift>
<rotate>1</rotate>
<LaserType>0</LaserType>
<PodLaserType>0</PodLaserType>
<SensorSwitch>0</SensorSwitch>
<carryType>$-1</carryType>
<ctnrtype>$-1</ctnrtype>
<CtrlPoint />
</NeighbInfo>
</PointInfo>
<PointInfo>
<id>16</id>
<xpos>39.883</xpos>
<ypos>62.083</ypos>
<value isChargeable="0">1</value>
<RoadProperty>0</RoadProperty>
<Rot>0</Rot>
<alldirRot>0</alldirRot>
<allDir>9</allDir>
<EleDir>999</EleDir>
<ElePre>0</ElePre>
<RotRad>0</RotRad>
<robottype>$-1</robottype>
<RotUnderPod>0</RotUnderPod>
<rotMech>0</rotMech>
<evit>0</evit>
<rotByRobotType>$-1</rotByRobotType>
<rotForPodType>$-1</rotForPodType>
<sensorswitchPoint>0</sensorswitchPoint>
<PalletRecognition>0</PalletRecognition>
<TranZoneType>0</TranZoneType>
<RotBarrierArea>0</RotBarrierArea>
<IsUpdateMap>1</IsUpdateMap>
<NeighbInfo>
<id isLine="0">15</id>
<distance>10.672</distance>
<Rever>0</Rever>
<Speed />
<Ultrasonic />
<LeftWidth />
<RightWidth />
<RoadLeftWidth />
<RoadRightWidth />
<robottype>$-1</robottype>
<PodDir>999</PodDir>
<StartDir>666</StartDir>
<StopDir>666</StopDir>
<AlarmVoice />
<PreForkLift>0</PreForkLift>
<rotate>1</rotate>
<LaserType>0</LaserType>
<PodLaserType>0</PodLaserType>
<SensorSwitch>0</SensorSwitch>
<carryType>$-1</carryType>
<ctnrtype>$-1</ctnrtype>
<CtrlPoint />
<id isLine="0">3</id>
<distance>7.178</distance>
<Rever>0</Rever>
<Speed />
<Ultrasonic />
<LeftWidth />
<RightWidth />
<RoadLeftWidth />
<RoadRightWidth />
<robottype>$-1</robottype>
<PodDir>999</PodDir>
<StartDir>666</StartDir>
<StopDir>666</StopDir>
<AlarmVoice />
<PreForkLift>0</PreForkLift>
<rotate>1</rotate>
<LaserType>0</LaserType>
<PodLaserType>0</PodLaserType>
<SensorSwitch>0</SensorSwitch>
<carryType>$-1</carryType>
<ctnrtype>$-1</ctnrtype>
<CtrlPoint />
<id isLine="0">17</id>
<distance>10.672</distance>
<Rever>0</Rever>
<Speed />
<Ultrasonic />
<LeftWidth />
<RightWidth />
<RoadLeftWidth />
<RoadRightWidth />
<robottype>$-1</robottype>
<PodDir>999</PodDir>
<StartDir>666</StartDir>
<StopDir>666</StopDir>
<AlarmVoice />
<PreForkLift>0</PreForkLift>
<rotate>1</rotate>
<LaserType>0</LaserType>
<PodLaserType>0</PodLaserType>
<SensorSwitch>0</SensorSwitch>
<carryType>$-1</carryType>
<ctnrtype>$-1</ctnrtype>
<CtrlPoint />
</NeighbInfo>
</PointInfo>
<PointInfo>
<id>17</id>
<xpos>50.556</xpos>
<ypos>62.083</ypos>
<value isChargeable="0">1</value>
<RoadProperty>0</RoadProperty>
<Rot>0</Rot>
<alldirRot>0</alldirRot>
<allDir>9</allDir>
<EleDir>999</EleDir>
<ElePre>0</ElePre>
<RotRad>0</RotRad>
<robottype>$-1</robottype>
<RotUnderPod>0</RotUnderPod>
<rotMech>0</rotMech>
<evit>0</evit>
<rotByRobotType>$-1</rotByRobotType>
<rotForPodType>$-1</rotForPodType>
<sensorswitchPoint>0</sensorswitchPoint>
<PalletRecognition>0</PalletRecognition>
<TranZoneType>0</TranZoneType>
<RotBarrierArea>0</RotBarrierArea>
<IsUpdateMap>1</IsUpdateMap>
<NeighbInfo>
<id isLine="0">16</id>
<distance>10.672</distance>
<Rever>0</Rever>
<Speed />
<Ultrasonic />
<LeftWidth />
<RightWidth />
<RoadLeftWidth />
<RoadRightWidth />
<robottype>$-1</robottype>
<PodDir>999</PodDir>
<StartDir>666</StartDir>
<StopDir>666</StopDir>
<AlarmVoice />
<PreForkLift>0</PreForkLift>
<rotate>1</rotate>
<LaserType>0</LaserType>
<PodLaserType>0</PodLaserType>
<SensorSwitch>0</SensorSwitch>
<carryType>$-1</carryType>
<ctnrtype>$-1</ctnrtype>
<CtrlPoint />
<id isLine="0">4</id>
<distance>6.415</distance>
<Rever>0</Rever>
<Speed />
<Ultrasonic />
<LeftWidth />
<RightWidth />
<RoadLeftWidth />
<RoadRightWidth />
<robottype>$-1</robottype>
<PodDir>999</PodDir>
<StartDir>666</StartDir>
<StopDir>666</StopDir>
<AlarmVoice />
<PreForkLift>0</PreForkLift>
<rotate>1</rotate>
<LaserType>0</LaserType>
<PodLaserType>0</PodLaserType>
<SensorSwitch>0</SensorSwitch>
<carryType>$-1</carryType>
<ctnrtype>$-1</ctnrtype>
<CtrlPoint />
<id isLine="0">18</id>
<distance>10.672</distance>
<Rever>0</Rever>
<Speed />
<Ultrasonic />
<LeftWidth />
<RightWidth />
<RoadLeftWidth />
<RoadRightWidth />
<robottype>$-1</robottype>
<PodDir>999</PodDir>
<StartDir>666</StartDir>
<StopDir>666</StopDir>
<AlarmVoice />
<PreForkLift>0</PreForkLift>
<rotate>1</rotate>
<LaserType>0</LaserType>
<PodLaserType>0</PodLaserType>
<SensorSwitch>0</SensorSwitch>
<carryType>$-1</carryType>
<ctnrtype>$-1</ctnrtype>
<CtrlPoint />
</NeighbInfo>
</PointInfo>
<PointInfo>
<id>18</id>
<xpos>61.228</xpos>
<ypos>62.083</ypos>
<value isChargeable="0">1</value>
<RoadProperty>0</RoadProperty>
<Rot>0</Rot>
<alldirRot>0</alldirRot>
<allDir>9</allDir>
<EleDir>999</EleDir>
<ElePre>0</ElePre>
<RotRad>0</RotRad>
<robottype>$-1</robottype>
<RotUnderPod>0</RotUnderPod>
<rotMech>0</rotMech>
<evit>0</evit>
<rotByRobotType>$-1</rotByRobotType>
<rotForPodType>$-1</rotForPodType>
<sensorswitchPoint>0</sensorswitchPoint>
<PalletRecognition>0</PalletRecognition>
<TranZoneType>0</TranZoneType>
<RotBarrierArea>0</RotBarrierArea>
<IsUpdateMap>1</IsUpdateMap>
<NeighbInfo>
<id isLine="0">17</id>
<distance>10.672</distance>
<Rever>0</Rever>
<Speed />
<Ultrasonic />
<LeftWidth />
<RightWidth />
<RoadLeftWidth />
<RoadRightWidth />
<robottype>$-1</robottype>
<PodDir>999</PodDir>
<StartDir>666</StartDir>
<StopDir>666</StopDir>
<AlarmVoice />
<PreForkLift>0</PreForkLift>
<rotate>1</rotate>
<LaserType>0</LaserType>
<PodLaserType>0</PodLaserType>
<SensorSwitch>0</SensorSwitch>
<carryType>$-1</carryType>
<ctnrtype>$-1</ctnrtype>
<CtrlPoint />
<id isLine="0">5</id>
<distance>9.617</distance>
<Rever>0</Rever>
<Speed />
<Ultrasonic />
<LeftWidth />
<RightWidth />
<RoadLeftWidth />
<RoadRightWidth />
<robottype>$-1</robottype>
<PodDir>999</PodDir>
<StartDir>666</StartDir>
<StopDir>666</StopDir>
<AlarmVoice />
<PreForkLift>0</PreForkLift>
<rotate>1</rotate>
<LaserType>0</LaserType>
<PodLaserType>0</PodLaserType>
<SensorSwitch>0</SensorSwitch>
<carryType>$-1</carryType>
<ctnrtype>$-1</ctnrtype>
<CtrlPoint />
<id isLine="0">19</id>
<distance>10.672</distance>
<Rever>0</Rever>
<Speed />
<Ultrasonic />
<LeftWidth />
<RightWidth />
<RoadLeftWidth />
<RoadRightWidth />
<robottype>$-1</robottype>
<PodDir>999</PodDir>
<StartDir>666</StartDir>
<StopDir>666</StopDir>
<AlarmVoice />
<PreForkLift>0</PreForkLift>
<rotate>1</rotate>
<LaserType>0</LaserType>
<PodLaserType>0</PodLaserType>
<SensorSwitch>0</SensorSwitch>
<carryType>$-1</carryType>
<ctnrtype>$-1</ctnrtype>
<CtrlPoint />
</NeighbInfo>
</PointInfo>
<PointInfo>
<id>19</id>
<xpos>71.900</xpos>
<ypos>62.083</ypos>
<value isChargeable="0">1</value>
<RoadProperty>0</RoadProperty>
<Rot>0</Rot>
<alldirRot>0</alldirRot>
<allDir>9</allDir>
<EleDir>999</EleDir>
<ElePre>0</ElePre>
<RotRad>0</RotRad>
<robottype>$-1</robottype>
<RotUnderPod>0</RotUnderPod>
<rotMech>0</rotMech>
<evit>0</evit>
<rotByRobotType>$-1</rotByRobotType>
<rotForPodType>$-1</rotForPodType>
<sensorswitchPoint>0</sensorswitchPoint>
<PalletRecognition>0</PalletRecognition>
<TranZoneType>0</TranZoneType>
<RotBarrierArea>0</RotBarrierArea>
<IsUpdateMap>1</IsUpdateMap>
<NeighbInfo>
<id isLine="0">18</id>
<distance>10.672</distance>
<Rever>0</Rever>
<Speed />
<Ultrasonic />
<LeftWidth />
<RightWidth />
<RoadLeftWidth />
<RoadRightWidth />
<robottype>$-1</robottype>
<PodDir>999</PodDir>
<StartDir>666</StartDir>
<StopDir>666</StopDir>
<AlarmVoice />
<PreForkLift>0</PreForkLift>
<rotate>1</rotate>
<LaserType>0</LaserType>
<PodLaserType>0</PodLaserType>
<SensorSwitch>0</SensorSwitch>
<carryType>$-1</carryType>
<ctnrtype>$-1</ctnrtype>
<CtrlPoint />
<id isLine="0">6</id>
<distance>6.150</distance>
<Rever>0</Rever>
<Speed />
<Ultrasonic />
<LeftWidth />
<RightWidth />
<RoadLeftWidth />
<RoadRightWidth />
<robottype>$-1</robottype>
<PodDir>999</PodDir>
<StartDir>666</StartDir>
<StopDir>666</StopDir>
<AlarmVoice />
<PreForkLift>0</PreForkLift>
<rotate>1</rotate>
<LaserType>0</LaserType>
<PodLaserType>0</PodLaserType>
<SensorSwitch>0</SensorSwitch>
<carryType>$-1</carryType>
<ctnrtype>$-1</ctnrtype>
<CtrlPoint />
</NeighbInfo>
</PointInfo>
<PointInfo>
<id>20</id>
<xpos>62.410</xpos>
<ypos>48.333</ypos>
<value isChargeable="0">1</value>
<RoadProperty>0</RoadProperty>
<Rot>0</Rot>
<alldirRot>0</alldirRot>
<allDir>9</allDir>
<EleDir>999</EleDir>
<ElePre>0</ElePre>
<RotRad>0</RotRad>
<robottype>$-1</robottype>
<RotUnderPod>0</RotUnderPod>
<rotMech>0</rotMech>
<evit>0</evit>
<rotByRobotType>$-1</rotByRobotType>
<rotForPodType>$-1</rotForPodType>
<sensorswitchPoint>0</sensorswitchPoint>
<PalletRecognition>0</PalletRecognition>
<TranZoneType>0</TranZoneType>
<RotBarrierArea>0</RotBarrierArea>
<IsUpdateMap>1</IsUpdateMap>
<NeighbInfo>
<id isLine="0">13</id>
<distance>9.090</distance>
<Rever>0</Rever>
<Speed />
<Ultrasonic />
<LeftWidth />
<RightWidth />
<RoadLeftWidth />
<RoadRightWidth />
<robottype>$-1</robottype>
<PodDir>999</PodDir>
<StartDir>666</StartDir>
<StopDir>666</StopDir>
<AlarmVoice />
<PreForkLift>0</PreForkLift>
<rotate>1</rotate>
<LaserType>0</LaserType>
<PodLaserType>0</PodLaserType>
<SensorSwitch>0</SensorSwitch>
<carryType>$-1</carryType>
<ctnrtype>$-1</ctnrtype>
<CtrlPoint />
<id isLine="0">6</id>
<distance>12.151</distance>
<Rever>0</Rever>
<Speed />
<Ultrasonic />
<LeftWidth />
<RightWidth />
<RoadLeftWidth />
<RoadRightWidth />
<robottype>$-1</robottype>
<PodDir>999</PodDir>
<StartDir>666</StartDir>
<StopDir>666</StopDir>
<AlarmVoice />
<PreForkLift>0</PreForkLift>
<rotate>1</rotate>
<LaserType>0</LaserType>
<PodLaserType>0</PodLaserType>
<SensorSwitch>0</SensorSwitch>
<carryType>$-1</carryType>
<ctnrtype>$-1</ctnrtype>
<CtrlPoint />
<id isLine="0">12</id>
<distance>9.090</distance>
<Rever>0</Rever>
<Speed />
<Ultrasonic />
<LeftWidth />
<RightWidth />
<RoadLeftWidth />
<RoadRightWidth />
<robottype>$-1</robottype>
<PodDir>999</PodDir>
<StartDir>666</StartDir>
<StopDir>666</StopDir>
<AlarmVoice />
<PreForkLift>0</PreForkLift>
<rotate>1</rotate>
<LaserType>0</LaserType>
<PodLaserType>0</PodLaserType>
<SensorSwitch>0</SensorSwitch>
<carryType>$-1</carryType>
<ctnrtype>$-1</ctnrtype>
<CtrlPoint />
</NeighbInfo>
</PointInfo>
<PointInfo>
<id>21</id>
<xpos>7.904</xpos>
<ypos>62.357</ypos>
<value isChargeable="0">11</value>
<RoadProperty>0</RoadProperty>
<Rot>0</Rot>
<alldirRot>0</alldirRot>
<allDir>9</allDir>
<EleDir>999</EleDir>
<ElePre>0</ElePre>
<RotRad>0</RotRad>
<robottype>$-1</robottype>
<RotUnderPod>0</RotUnderPod>
<rotMech>0</rotMech>
<evit>0</evit>
<rotByRobotType>$-1</rotByRobotType>
<rotForPodType>$-1</rotForPodType>
<sensorswitchPoint>0</sensorswitchPoint>
<PalletRecognition>0</PalletRecognition>
<TranZoneType>0</TranZoneType>
<RotBarrierArea>0</RotBarrierArea>
<IsUpdateMap>1</IsUpdateMap>
<NeighbInfo>
<id isLine="0">14</id>
<distance>9.766</distance>
<Rever>0</Rever>
<Speed />
<Ultrasonic />
<LeftWidth />
<RightWidth />
<RoadLeftWidth />
<RoadRightWidth />
<robottype>$-1</robottype>
<PodDir>999</PodDir>
<StartDir>666</StartDir>
<StopDir>666</StopDir>
<AlarmVoice />
<PreForkLift>0</PreForkLift>
<rotate>1</rotate>
<LaserType>0</LaserType>
<PodLaserType>0</PodLaserType>
<SensorSwitch>0</SensorSwitch>
<carryType>$-1</carryType>
<ctnrtype>$-1</ctnrtype>
<CtrlPoint />
</NeighbInfo>
</PointInfo>
</MapCfg>