<?xml version="1.0" encoding="UTF-8" ?>
<MapCfg>
<MapID>A2CCD4D2D6CCACC8_2</MapID>
<MapName>海康冲突算法</MapName>
<MapQRCode>XX</MapQRCode>
<MapType>2</MapType>
<Row>15</Row>
<Col>37</Col>
<PointInfo>
<id>0</id>
<xpos>16.952</xpos>
<ypos>64.143</ypos>
<value isChargeable="0">16</value>
<RoadProperty>0</RoadProperty>
<Rot>0</Rot>
<alldirRot>0</alldirRot>
<allDir>9</allDir>
<EleDir>999</EleDir>
<ElePre>0</ElePre>
<RotRad>0</RotRad>
<robottype>$-1</robottype>
<RotUnderPod>0</RotUnderPod>
<rotMech>0</rotMech>
<evit>0</evit>
<rotByRobotType>$-1</rotByRobotType>
<rotForPodType>$-1</rotForPodType>
<sensorswitchPoint>0</sensorswitchPoint>
<PalletRecognition>0</PalletRecognition>
<TranZoneType>0</TranZoneType>
<RotBarrierArea>0</RotBarrierArea>
<IsUpdateMap>1</IsUpdateMap>
<NeighbInfo>
<id isLine="0">1</id>
<distance>8.208</distance>
<Rever>1</Rever>
<Speed/>
<Ultrasonic/>
<LeftWidth/>
<RightWidth/>
<RoadLeftWidth/>
<RoadRightWidth/>
<robottype>$-1</robottype>
<PodDir>999</PodDir>
<StartDir>666</StartDir>
<StopDir>666</StopDir>
<AlarmVoice/>
<PreForkLift>0</PreForkLift>
<rotate>1</rotate>
<LaserType>0</LaserType>
<PodLaserType>0</PodLaserType>
<SensorSwitch>0</SensorSwitch>
<carryType>$-1</carryType>
<ctnrtype>$-1</ctnrtype>
<CtrlPoint/>
<id isLine="0">3</id>
<distance>3.345</distance>
<Rever>1</Rever>
<Speed/>
<Ultrasonic/>
<LeftWidth/>
<RightWidth/>
<RoadLeftWidth/>
<RoadRightWidth/>
<robottype>$-1</robottype>
<PodDir>999</PodDir>
<StartDir>666</StartDir>
<StopDir>666</StopDir>
<AlarmVoice/>
<PreForkLift>0</PreForkLift>
<rotate>1</rotate>
<LaserType>0</LaserType>
<PodLaserType>0</PodLaserType>
<SensorSwitch>0</SensorSwitch>
<carryType>$-1</carryType>
<ctnrtype>$-1</ctnrtype>
<CtrlPoint/>
<id isLine="0">4</id>
<distance>8.863</distance>
<Rever>1</Rever>
<Speed/>
<Ultrasonic/>
<LeftWidth/>
<RightWidth/>
<RoadLeftWidth/>
<RoadRightWidth/>
<robottype>$-1</robottype>
<PodDir>999</PodDir>
<StartDir>666</StartDir>
<StopDir>666</StopDir>
<AlarmVoice/>
<PreForkLift>0</PreForkLift>
<rotate>1</rotate>
<LaserType>0</LaserType>
<PodLaserType>0</PodLaserType>
<SensorSwitch>0</SensorSwitch>
<carryType>$-1</carryType>
<ctnrtype>$-1</ctnrtype>
<CtrlPoint/>
</NeighbInfo>
</PointInfo>
<PointInfo>
<id>1</id>
<xpos>25.160</xpos>
<ypos>64.034</ypos>
<value isChargeable="0">16</value>
<RoadProperty>0</RoadProperty>
<Rot>0</Rot>
<alldirRot>0</alldirRot>
<allDir>9</allDir>
<EleDir>999</EleDir>
<ElePre>0</ElePre>
<RotRad>0</RotRad>
<robottype>$-1</robottype>
<RotUnderPod>0</RotUnderPod>
<rotMech>0</rotMech>
<evit>0</evit>
<rotByRobotType>$-1</rotByRobotType>
<rotForPodType>$-1</rotForPodType>
<sensorswitchPoint>0</sensorswitchPoint>
<PalletRecognition>0</PalletRecognition>
<TranZoneType>0</TranZoneType>
<RotBarrierArea>0</RotBarrierArea>
<IsUpdateMap>1</IsUpdateMap>
<NeighbInfo>
<id isLine="0">2</id>
<distance>8.240</distance>
<Rever>1</Rever>
<Speed/>
<Ultrasonic/>
<LeftWidth/>
<RightWidth/>
<RoadLeftWidth/>
<RoadRightWidth/>
<robottype>$-1</robottype>
<PodDir>999</PodDir>
<StartDir>666</StartDir>
<StopDir>666</StopDir>
<AlarmVoice/>
<PreForkLift>0</PreForkLift>
<rotate>1</rotate>
<LaserType>0</LaserType>
<PodLaserType>0</PodLaserType>
<SensorSwitch>0</SensorSwitch>
<carryType>$-1</carryType>
<ctnrtype>$-1</ctnrtype>
<CtrlPoint/>
<id isLine="0">4</id>
<distance>3.236</distance>
<Rever>1</Rever>
<Speed/>
<Ultrasonic/>
<LeftWidth/>
<RightWidth/>
<RoadLeftWidth/>
<RoadRightWidth/>
<robottype>$-1</robottype>
<PodDir>999</PodDir>
<StartDir>666</StartDir>
<StopDir>666</StopDir>
<AlarmVoice/>
<PreForkLift>0</PreForkLift>
<rotate>1</rotate>
<LaserType>0</LaserType>
<PodLaserType>0</PodLaserType>
<SensorSwitch>0</SensorSwitch>
<carryType>$-1</carryType>
<ctnrtype>$-1</ctnrtype>
<CtrlPoint/>
<id isLine="0">0</id>
<distance>8.208</distance>
<Rever>1</Rever>
<Speed/>
<Ultrasonic/>
<LeftWidth/>
<RightWidth/>
<RoadLeftWidth/>
<RoadRightWidth/>
<robottype>$-1</robottype>
<PodDir>999</PodDir>
<StartDir>666</StartDir>
<StopDir>666</StopDir>
<AlarmVoice/>
<PreForkLift>0</PreForkLift>
<rotate>1</rotate>
<LaserType>0</LaserType>
<PodLaserType>0</PodLaserType>
<SensorSwitch>0</SensorSwitch>
<carryType>$-1</carryType>
<ctnrtype>$-1</ctnrtype>
<CtrlPoint/>
</NeighbInfo>
</PointInfo>
<PointInfo>
<id>2</id>
<xpos>33.399</xpos>
<ypos>64.143</ypos>
<value isChargeable="0">16</value>
<RoadProperty>0</RoadProperty>
<Rot>0</Rot>
<alldirRot>0</alldirRot>
<allDir>9</allDir>
<EleDir>999</EleDir>
<ElePre>0</ElePre>
<RotRad>0</RotRad>
<robottype>$-1</robottype>
<RotUnderPod>0</RotUnderPod>
<rotMech>0</rotMech>
<evit>0</evit>
<rotByRobotType>$-1</rotByRobotType>
<rotForPodType>$-1</rotForPodType>
<sensorswitchPoint>0</sensorswitchPoint>
<PalletRecognition>0</PalletRecognition>
<TranZoneType>0</TranZoneType>
<RotBarrierArea>0</RotBarrierArea>
<IsUpdateMap>1</IsUpdateMap>
<NeighbInfo>
<id isLine="0">5</id>
<distance>3.345</distance>
<Rever>1</Rever>
<Speed/>
<Ultrasonic/>
<LeftWidth/>
<RightWidth/>
<RoadLeftWidth/>
<RoadRightWidth/>
<robottype>$-1</robottype>
<PodDir>999</PodDir>
<StartDir>666</StartDir>
<StopDir>666</StopDir>
<AlarmVoice/>
<PreForkLift>0</PreForkLift>
<rotate>1</rotate>
<LaserType>0</LaserType>
<PodLaserType>0</PodLaserType>
<SensorSwitch>0</SensorSwitch>
<carryType>$-1</carryType>
<ctnrtype>$-1</ctnrtype>
<CtrlPoint/>
<id isLine="0">1</id>
<distance>8.240</distance>
<Rever>1</Rever>
<Speed/>
<Ultrasonic/>
<LeftWidth/>
<RightWidth/>
<RoadLeftWidth/>
<RoadRightWidth/>
<robottype>$-1</robottype>
<PodDir>999</PodDir>
<StartDir>666</StartDir>
<StopDir>666</StopDir>
<AlarmVoice/>
<PreForkLift>0</PreForkLift>
<rotate>1</rotate>
<LaserType>0</LaserType>
<PodLaserType>0</PodLaserType>
<SensorSwitch>0</SensorSwitch>
<carryType>$-1</carryType>
<ctnrtype>$-1</ctnrtype>
<CtrlPoint/>
<id isLine="0">4</id>
<distance>8.892</distance>
<Rever>1</Rever>
<Speed/>
<Ultrasonic/>
<LeftWidth/>
<RightWidth/>
<RoadLeftWidth/>
<RoadRightWidth/>
<robottype>$-1</robottype>
<PodDir>999</PodDir>
<StartDir>666</StartDir>
<StopDir>666</StopDir>
<AlarmVoice/>
<PreForkLift>0</PreForkLift>
<rotate>1</rotate>
<LaserType>0</LaserType>
<PodLaserType>0</PodLaserType>
<SensorSwitch>0</SensorSwitch>
<carryType>$-1</carryType>
<ctnrtype>$-1</ctnrtype>
<CtrlPoint/>
</NeighbInfo>
</PointInfo>
<PointInfo>
<id>3</id>
<xpos>16.952</xpos>
<ypos>60.798</ypos>
<value isChargeable="0">16</value>
<RoadProperty>0</RoadProperty>
<Rot>0</Rot>
<alldirRot>0</alldirRot>
<allDir>9</allDir>
<EleDir>999</EleDir>
<ElePre>0</ElePre>
<RotRad>0</RotRad>
<robottype>$-1</robottype>
<RotUnderPod>0</RotUnderPod>
<rotMech>0</rotMech>
<evit>0</evit>
<rotByRobotType>$-1</rotByRobotType>
<rotForPodType>$-1</rotForPodType>
<sensorswitchPoint>0</sensorswitchPoint>
<PalletRecognition>0</PalletRecognition>
<TranZoneType>0</TranZoneType>
<RotBarrierArea>0</RotBarrierArea>
<IsUpdateMap>1</IsUpdateMap>
<NeighbInfo>
<id isLine="0">4</id>
<distance>8.208</distance>
<Rever>1</Rever>
<Speed/>
<Ultrasonic/>
<LeftWidth/>
<RightWidth/>
<RoadLeftWidth/>
<RoadRightWidth/>
<robottype>$-1</robottype>
<PodDir>999</PodDir>
<StartDir>666</StartDir>
<StopDir>666</StopDir>
<AlarmVoice/>
<PreForkLift>0</PreForkLift>
<rotate>1</rotate>
<LaserType>0</LaserType>
<PodLaserType>0</PodLaserType>
<SensorSwitch>0</SensorSwitch>
<carryType>$-1</carryType>
<ctnrtype>$-1</ctnrtype>
<CtrlPoint/>
<id isLine="0">6</id>
<distance>3.422</distance>
<Rever>1</Rever>
<Speed/>
<Ultrasonic/>
<LeftWidth/>
<RightWidth/>
<RoadLeftWidth/>
<RoadRightWidth/>
<robottype>$-1</robottype>
<PodDir>999</PodDir>
<StartDir>666</StartDir>
<StopDir>666</StopDir>
<AlarmVoice/>
<PreForkLift>0</PreForkLift>
<rotate>1</rotate>
<LaserType>0</LaserType>
<PodLaserType>0</PodLaserType>
<SensorSwitch>0</SensorSwitch>
<carryType>$-1</carryType>
<ctnrtype>$-1</ctnrtype>
<CtrlPoint/>
<id isLine="0">0</id>
<distance>3.345</distance>
<Rever>1</Rever>
<Speed/>
<Ultrasonic/>
<LeftWidth/>
<RightWidth/>
<RoadLeftWidth/>
<RoadRightWidth/>
<robottype>$-1</robottype>
<PodDir>999</PodDir>
<StartDir>666</StartDir>
<StopDir>666</StopDir>
<AlarmVoice/>
<PreForkLift>0</PreForkLift>
<rotate>1</rotate>
<LaserType>0</LaserType>
<PodLaserType>0</PodLaserType>
<SensorSwitch>0</SensorSwitch>
<carryType>$-1</carryType>
<ctnrtype>$-1</ctnrtype>
<CtrlPoint/>
</NeighbInfo>
</PointInfo>
<PointInfo>
<id>4</id>
<xpos>25.160</xpos>
<ypos>60.798</ypos>
<value isChargeable="0">16</value>
<RoadProperty>0</RoadProperty>
<Rot>0</Rot>
<alldirRot>0</alldirRot>
<allDir>9</allDir>
<EleDir>999</EleDir>
<ElePre>0</ElePre>
<RotRad>0</RotRad>
<robottype>$-1</robottype>
<RotUnderPod>0</RotUnderPod>
<rotMech>0</rotMech>
<evit>0</evit>
<rotByRobotType>$-1</rotByRobotType>
<rotForPodType>$-1</rotForPodType>
<sensorswitchPoint>0</sensorswitchPoint>
<PalletRecognition>0</PalletRecognition>
<TranZoneType>0</TranZoneType>
<RotBarrierArea>0</RotBarrierArea>
<IsUpdateMap>1</IsUpdateMap>
<NeighbInfo>
<id isLine="0">5</id>
<distance>8.239</distance>
<Rever>1</Rever>
<Speed/>
<Ultrasonic/>
<LeftWidth/>
<RightWidth/>
<RoadLeftWidth/>
<RoadRightWidth/>
<robottype>$-1</robottype>
<PodDir>999</PodDir>
<StartDir>666</StartDir>
<StopDir>666</StopDir>
<AlarmVoice/>
<PreForkLift>0</PreForkLift>
<rotate>1</rotate>
<LaserType>0</LaserType>
<PodLaserType>0</PodLaserType>
<SensorSwitch>0</SensorSwitch>
<carryType>$-1</carryType>
<ctnrtype>$-1</ctnrtype>
<CtrlPoint/>
<id isLine="0">7</id>
<distance>3.097</distance>
<Rever>1</Rever>
<Speed/>
<Ultrasonic/>
<LeftWidth/>
<RightWidth/>
<RoadLeftWidth/>
<RoadRightWidth/>
<robottype>$-1</robottype>
<PodDir>999</PodDir>
<StartDir>666</StartDir>
<StopDir>666</StopDir>
<AlarmVoice/>
<PreForkLift>0</PreForkLift>
<rotate>1</rotate>
<LaserType>0</LaserType>
<PodLaserType>0</PodLaserType>
<SensorSwitch>0</SensorSwitch>
<carryType>$-1</carryType>
<ctnrtype>$-1</ctnrtype>
<CtrlPoint/>
<id isLine="0">2</id>
<distance>8.892</distance>
<Rever>1</Rever>
<Speed/>
<Ultrasonic/>
<LeftWidth/>
<RightWidth/>
<RoadLeftWidth/>
<RoadRightWidth/>
<robottype>$-1</robottype>
<PodDir>999</PodDir>
<StartDir>666</StartDir>
<StopDir>666</StopDir>
<AlarmVoice/>
<PreForkLift>0</PreForkLift>
<rotate>1</rotate>
<LaserType>0</LaserType>
<PodLaserType>0</PodLaserType>
<SensorSwitch>0</SensorSwitch>
<carryType>$-1</carryType>
<ctnrtype>$-1</ctnrtype>
<CtrlPoint/>
<id isLine="0">0</id>
<distance>8.863</distance>
<Rever>1</Rever>
<Speed/>
<Ultrasonic/>
<LeftWidth/>
<RightWidth/>
<RoadLeftWidth/>
<RoadRightWidth/>
<robottype>$-1</robottype>
<PodDir>999</PodDir>
<StartDir>666</StartDir>
<StopDir>666</StopDir>
<AlarmVoice/>
<PreForkLift>0</PreForkLift>
<rotate>1</rotate>
<LaserType>0</LaserType>
<PodLaserType>0</PodLaserType>
<SensorSwitch>0</SensorSwitch>
<carryType>$-1</carryType>
<ctnrtype>$-1</ctnrtype>
<CtrlPoint/>
<id isLine="0">1</id>
<distance>3.236</distance>
<Rever>1</Rever>
<Speed/>
<Ultrasonic/>
<LeftWidth/>
<RightWidth/>
<RoadLeftWidth/>
<RoadRightWidth/>
<robottype>$-1</robottype>
<PodDir>999</PodDir>
<StartDir>666</StartDir>
<StopDir>666</StopDir>
<AlarmVoice/>
<PreForkLift>0</PreForkLift>
<rotate>1</rotate>
<LaserType>0</LaserType>
<PodLaserType>0</PodLaserType>
<SensorSwitch>0</SensorSwitch>
<carryType>$-1</carryType>
<ctnrtype>$-1</ctnrtype>
<CtrlPoint/>
<id isLine="0">3</id>
<distance>8.208</distance>
<Rever>1</Rever>
<Speed/>
<Ultrasonic/>
<LeftWidth/>
<RightWidth/>
<RoadLeftWidth/>
<RoadRightWidth/>
<robottype>$-1</robottype>
<PodDir>999</PodDir>
<StartDir>666</StartDir>
<StopDir>666</StopDir>
<AlarmVoice/>
<PreForkLift>0</PreForkLift>
<rotate>1</rotate>
<LaserType>0</LaserType>
<PodLaserType>0</PodLaserType>
<SensorSwitch>0</SensorSwitch>
<carryType>$-1</carryType>
<ctnrtype>$-1</ctnrtype>
<CtrlPoint/>
</NeighbInfo>
</PointInfo>
<PointInfo>
<id>5</id>
<xpos>33.399</xpos>
<ypos>60.798</ypos>
<value isChargeable="0">16</value>
<RoadProperty>0</RoadProperty>
<Rot>0</Rot>
<alldirRot>0</alldirRot>
<allDir>9</allDir>
<EleDir>999</EleDir>
<ElePre>0</ElePre>
<RotRad>0</RotRad>
<robottype>$-1</robottype>
<RotUnderPod>0</RotUnderPod>
<rotMech>0</rotMech>
<evit>0</evit>
<rotByRobotType>$-1</rotByRobotType>
<rotForPodType>$-1</rotForPodType>
<sensorswitchPoint>0</sensorswitchPoint>
<PalletRecognition>0</PalletRecognition>
<TranZoneType>0</TranZoneType>
<RotBarrierArea>0</RotBarrierArea>
<IsUpdateMap>1</IsUpdateMap>
<NeighbInfo>
<id isLine="0">8</id>
<distance>3.422</distance>
<Rever>1</Rever>
<Speed/>
<Ultrasonic/>
<LeftWidth/>
<RightWidth/>
<RoadLeftWidth/>
<RoadRightWidth/>
<robottype>$-1</robottype>
<PodDir>999</PodDir>
<StartDir>666</StartDir>
<StopDir>666</StopDir>
<AlarmVoice/>
<PreForkLift>0</PreForkLift>
<rotate>1</rotate>
<LaserType>0</LaserType>
<PodLaserType>0</PodLaserType>
<SensorSwitch>0</SensorSwitch>
<carryType>$-1</carryType>
<ctnrtype>$-1</ctnrtype>
<CtrlPoint/>
<id isLine="0">2</id>
<distance>3.345</distance>
<Rever>1</Rever>
<Speed/>
<Ultrasonic/>
<LeftWidth/>
<RightWidth/>
<RoadLeftWidth/>
<RoadRightWidth/>
<robottype>$-1</robottype>
<PodDir>999</PodDir>
<StartDir>666</StartDir>
<StopDir>666</StopDir>
<AlarmVoice/>
<PreForkLift>0</PreForkLift>
<rotate>1</rotate>
<LaserType>0</LaserType>
<PodLaserType>0</PodLaserType>
<SensorSwitch>0</SensorSwitch>
<carryType>$-1</carryType>
<ctnrtype>$-1</ctnrtype>
<CtrlPoint/>
<id isLine="0">4</id>
<distance>8.239</distance>
<Rever>1</Rever>
<Speed/>
<Ultrasonic/>
<LeftWidth/>
<RightWidth/>
<RoadLeftWidth/>
<RoadRightWidth/>
<robottype>$-1</robottype>
<PodDir>999</PodDir>
<StartDir>666</StartDir>
<StopDir>666</StopDir>
<AlarmVoice/>
<PreForkLift>0</PreForkLift>
<rotate>1</rotate>
<LaserType>0</LaserType>
<PodLaserType>0</PodLaserType>
<SensorSwitch>0</SensorSwitch>
<carryType>$-1</carryType>
<ctnrtype>$-1</ctnrtype>
<CtrlPoint/>
</NeighbInfo>
</PointInfo>
<PointInfo>
<id>6</id>
<xpos>16.952</xpos>
<ypos>57.375</ypos>
<value isChargeable="0">16</value>
<RoadProperty>0</RoadProperty>
<Rot>0</Rot>
<alldirRot>0</alldirRot>
<allDir>9</allDir>
<EleDir>999</EleDir>
<ElePre>0</ElePre>
<RotRad>0</RotRad>
<robottype>$-1</robottype>
<RotUnderPod>0</RotUnderPod>
<rotMech>0</rotMech>
<evit>0</evit>
<rotByRobotType>$-1</rotByRobotType>
<rotForPodType>$-1</rotForPodType>
<sensorswitchPoint>0</sensorswitchPoint>
<PalletRecognition>0</PalletRecognition>
<TranZoneType>0</TranZoneType>
<RotBarrierArea>0</RotBarrierArea>
<IsUpdateMap>1</IsUpdateMap>
<NeighbInfo>
<id isLine="0">7</id>
<distance>8.214</distance>
<Rever>1</Rever>
<Speed/>
<Ultrasonic/>
<LeftWidth/>
<RightWidth/>
<RoadLeftWidth/>
<RoadRightWidth/>
<robottype>$-1</robottype>
<PodDir>999</PodDir>
<StartDir>666</StartDir>
<StopDir>666</StopDir>
<AlarmVoice/>
<PreForkLift>0</PreForkLift>
<rotate>1</rotate>
<LaserType>0</LaserType>
<PodLaserType>0</PodLaserType>
<SensorSwitch>0</SensorSwitch>
<carryType>$-1</carryType>
<ctnrtype>$-1</ctnrtype>
<CtrlPoint/>
<id isLine="0">3</id>
<distance>3.422</distance>
<Rever>1</Rever>
<Speed/>
<Ultrasonic/>
<LeftWidth/>
<RightWidth/>
<RoadLeftWidth/>
<RoadRightWidth/>
<robottype>$-1</robottype>
<PodDir>999</PodDir>
<StartDir>666</StartDir>
<StopDir>666</StopDir>
<AlarmVoice/>
<PreForkLift>0</PreForkLift>
<rotate>1</rotate>
<LaserType>0</LaserType>
<PodLaserType>0</PodLaserType>
<SensorSwitch>0</SensorSwitch>
<carryType>$-1</carryType>
<ctnrtype>$-1</ctnrtype>
<CtrlPoint/>
</NeighbInfo>
</PointInfo>
<PointInfo>
<id>7</id>
<xpos>25.160</xpos>
<ypos>57.700</ypos>
<value isChargeable="0">16</value>
<RoadProperty>0</RoadProperty>
<Rot>0</Rot>
<alldirRot>0</alldirRot>
<allDir>9</allDir>
<EleDir>999</EleDir>
<ElePre>0</ElePre>
<RotRad>0</RotRad>
<robottype>$-1</robottype>
<RotUnderPod>0</RotUnderPod>
<rotMech>0</rotMech>
<evit>0</evit>
<rotByRobotType>$-1</rotByRobotType>
<rotForPodType>$-1</rotForPodType>
<sensorswitchPoint>0</sensorswitchPoint>
<PalletRecognition>0</PalletRecognition>
<TranZoneType>0</TranZoneType>
<RotBarrierArea>0</RotBarrierArea>
<IsUpdateMap>1</IsUpdateMap>
<NeighbInfo>
<id isLine="0">8</id>
<distance>8.245</distance>
<Rever>1</Rever>
<Speed/>
<Ultrasonic/>
<LeftWidth/>
<RightWidth/>
<RoadLeftWidth/>
<RoadRightWidth/>
<robottype>$-1</robottype>
<PodDir>999</PodDir>
<StartDir>666</StartDir>
<StopDir>666</StopDir>
<AlarmVoice/>
<PreForkLift>0</PreForkLift>
<rotate>1</rotate>
<LaserType>0</LaserType>
<PodLaserType>0</PodLaserType>
<SensorSwitch>0</SensorSwitch>
<carryType>$-1</carryType>
<ctnrtype>$-1</ctnrtype>
<CtrlPoint/>
<id isLine="0">4</id>
<distance>3.097</distance>
<Rever>1</Rever>
<Speed/>
<Ultrasonic/>
<LeftWidth/>
<RightWidth/>
<RoadLeftWidth/>
<RoadRightWidth/>
<robottype>$-1</robottype>
<PodDir>999</PodDir>
<StartDir>666</StartDir>
<StopDir>666</StopDir>
<AlarmVoice/>
<PreForkLift>0</PreForkLift>
<rotate>1</rotate>
<LaserType>0</LaserType>
<PodLaserType>0</PodLaserType>
<SensorSwitch>0</SensorSwitch>
<carryType>$-1</carryType>
<ctnrtype>$-1</ctnrtype>
<CtrlPoint/>
<id isLine="0">6</id>
<distance>8.214</distance>
<Rever>1</Rever>
<Speed/>
<Ultrasonic/>
<LeftWidth/>
<RightWidth/>
<RoadLeftWidth/>
<RoadRightWidth/>
<robottype>$-1</robottype>
<PodDir>999</PodDir>
<StartDir>666</StartDir>
<StopDir>666</StopDir>
<AlarmVoice/>
<PreForkLift>0</PreForkLift>
<rotate>1</rotate>
<LaserType>0</LaserType>
<PodLaserType>0</PodLaserType>
<SensorSwitch>0</SensorSwitch>
<carryType>$-1</carryType>
<ctnrtype>$-1</ctnrtype>
<CtrlPoint/>
</NeighbInfo>
</PointInfo>
<PointInfo>
<id>8</id>
<xpos>33.399</xpos>
<ypos>57.375</ypos>
<value isChargeable="0">16</value>
<RoadProperty>0</RoadProperty>
<Rot>0</Rot>
<alldirRot>0</alldirRot>
<allDir>9</allDir>
<EleDir>999</EleDir>
<ElePre>0</ElePre>
<RotRad>0</RotRad>
<robottype>$-1</robottype>
<RotUnderPod>0</RotUnderPod>
<rotMech>0</rotMech>
<evit>0</evit>
<rotByRobotType>$-1</rotByRobotType>
<rotForPodType>$-1</rotForPodType>
<sensorswitchPoint>0</sensorswitchPoint>
<PalletRecognition>0</PalletRecognition>
<TranZoneType>0</TranZoneType>
<RotBarrierArea>0</RotBarrierArea>
<IsUpdateMap>1</IsUpdateMap>
<NeighbInfo>
<id isLine="0">5</id>
<distance>3.422</distance>
<Rever>1</Rever>
<Speed/>
<Ultrasonic/>
<LeftWidth/>
<RightWidth/>
<RoadLeftWidth/>
<RoadRightWidth/>
<robottype>$-1</robottype>
<PodDir>999</PodDir>
<StartDir>666</StartDir>
<StopDir>666</StopDir>
<AlarmVoice/>
<PreForkLift>0</PreForkLift>
<rotate>1</rotate>
<LaserType>0</LaserType>
<PodLaserType>0</PodLaserType>
<SensorSwitch>0</SensorSwitch>
<carryType>$-1</carryType>
<ctnrtype>$-1</ctnrtype>
<CtrlPoint/>
<id isLine="0">7</id>
<distance>8.245</distance>
<Rever>1</Rever>
<Speed/>
<Ultrasonic/>
<LeftWidth/>
<RightWidth/>
<RoadLeftWidth/>
<RoadRightWidth/>
<robottype>$-1</robottype>
<PodDir>999</PodDir>
<StartDir>666</StartDir>
<StopDir>666</StopDir>
<AlarmVoice/>
<PreForkLift>0</PreForkLift>
<rotate>1</rotate>
<LaserType>0</LaserType>
<PodLaserType>0</PodLaserType>
<SensorSwitch>0</SensorSwitch>
<carryType>$-1</carryType>
<ctnrtype>$-1</ctnrtype>
<CtrlPoint/>
</NeighbInfo>
</PointInfo>
</MapCfg>
